{"cameraMode":{"drawMode":0,"name":"Shaded","section":"Shading Mode"},"sceneLighting":true,"audioPlay":false,"sceneViewState":{"showFog":true,"showMaterialUpdate":false,"showSkybox":true,"showFlares":true,"showImageEffects":true,"showParticleSystems":true},"in2DMode":false,"pivot":{"x":991.955078125,"y":525.19287109375,"z":75.45079040527344},"rotation":{"x":-0.07972268015146256,"y":-0.007176726125180721,"z":0.0005790527793578804,"w":-0.9968127608299255},"size":1169.3809814453125,"orthographic":true}