{"cameraMode":{"drawMode":0,"name":"Shaded","section":"Shading Mode"},"sceneLighting":true,"audioPlay":false,"sceneViewState":{"showFog":true,"showMaterialUpdate":false,"showSkybox":true,"showFlares":true,"showImageEffects":true,"showParticleSystems":true},"in2DMode":false,"pivot":{"x":489.9910888671875,"y":634.015625,"z":503.506103515625},"rotation":{"x":-0.07972443848848343,"y":-0.0038904405664652588,"z":0.0003110374673269689,"w":-0.9968109130859375},"size":1837.063720703125,"orthographic":false}