{"cameraMode":{"drawMode":0,"name":"Shaded","section":"Shading Mode"},"sceneLighting":false,"audioPlay":false,"sceneViewState":{"showFog":true,"showMaterialUpdate":false,"showSkybox":false,"showFlares":true,"showImageEffects":true,"showParticleSystems":true},"in2DMode":false,"pivot":{"x":0.08985424041748047,"y":-2.576847553253174,"z":-0.12267827987670899},"rotation":{"x":-0.19890069961547852,"y":-0.15450835227966309,"z":0.03177255392074585,"w":-0.9672417640686035},"size":31.33681869506836,"orthographic":false}