{"cameraMode":{"drawMode":0,"name":"Shaded","section":"Shading Mode"},"sceneLighting":false,"audioPlay":false,"sceneViewState":{"showFog":true,"showMaterialUpdate":false,"showSkybox":false,"showFlares":true,"showImageEffects":true,"showParticleSystems":true},"in2DMode":false,"pivot":{"x":-0.8338519334793091,"y":0.6130483150482178,"z":0.09969635307788849},"rotation":{"x":-0.19890069961547852,"y":-0.15450835227966309,"z":0.03177255392074585,"w":-0.9672417640686035},"size":0.4272966980934143,"orthographic":false}